deal_id,issuer,ticker,security,rate_type,coupon_pct,sofr_spread_bp,issue_price,pricing_date,maturity_date,amortizing,first_amort_date,secured,structure,tenant,support,google_backstop,include,note
APLD_2030,Applied Digital,APLD,9.250% senior secured notes due 2030,fixed,9.250,,97,2025-11-13,2030-12-15,Y,2027-12-15,Y,project,CoreWeave,completion guarantee only,N,Y,
CIFR_2030,Cipher Mining,CIFR,7.125% senior secured notes due 2030,fixed,7.125,,100,2025-11-05,2030-11-15,Y,,Y,project,Fluidstack,Google LLC pledge of Cipher warrants; Google backstop of lease (verify from 8-K),Y,Y,"issued at par, so yield does not depend on amortization"
CIFR_2030_TAP,Cipher Mining,CIFR,7.125% senior secured notes due 2030 (add-on),fixed,7.125,,100.25,,2030-11-15,Y,,Y,project,Fluidstack,same as CIFR_2030,Y,N,"add-on to CIFR_2030 (same series, priced one week later); excluded: no new comparison"
WULF_2030,TeraWulf,WULF,7.750% senior secured notes due 2030,fixed,7.750,,100,2025-10-16,2030-10-15,unknown,,Y,project,Fluidstack,Google LLC pledge of TeraWulf warrants,Y,Y,TODO: maturity date from indenture 8-K
APLD_2031A,Applied Digital,APLD,6.750% senior secured notes due 2031,fixed,6.750,,98,2026-03-04,2031-03-15,Y,,Y,project,investment-grade hyperscaler,completion guarantee (verify),N,Y,TODO: maturity date and amortization start from indenture
APLD_2031B,Applied Digital,APLD,7.000% senior secured notes due 2031,fixed,7.000,,100,2026-06-09,2031-06-15,unknown,,Y,project,"CoreWeave, Inc. (Building 4 Lease)",completion guarantee only,N,Y,"Building 4 Lease is with CoreWeave, Inc.; not moved to the CoreWeave SPV (FY2026 10-K)"
CRWV_2031A,CoreWeave,CRWV,9.750% senior notes due 2031,fixed,9.750,,100,2026-04-09,2031-10-01,N,,N,corporate,n/a,"senior unsecured, subsidiary guarantees",N,Y,TODO: pricing-date evidence (8-K or dated press release)
CRWV_2031A_TAP,CoreWeave,CRWV,9.750% senior notes due 2031 (add-on),fixed,9.750,,102,2026-04-16,2031-10-01,N,,N,corporate,n/a,"senior unsecured, subsidiary guarantees",N,Y,TODO: pricing-date evidence
CRWV_2032_USD,CoreWeave,CRWV,9.625% senior notes due 2032,fixed,9.625,,100,2026-06-11,2032-07-15,N,,N,corporate,n/a,"senior unsecured, subsidiary guarantees",N,Y,TODO: pricing-date evidence
CRWV_2032_EUR,CoreWeave,CRWV,8.500% senior notes due 2032 (EUR),fixed,8.500,,100,2026-06-11,2032-07-15,N,,N,corporate,n/a,senior unsecured,N,N,"EUR bond: compare with Bunds, not Treasuries"
CRWV_DDTL4,CoreWeave,CRWV,DDTL 4.0 delayed draw term loan,floating,,225,,2026-03-30,,unknown,,Y,non-recourse SPV,investment-grade customer (unnamed),Moody's A3 / DBRS A (low),N,Y,"TODO: SOFR spread, borrower and customer from 8-K (only a secondary source gives SOFR+225 and names Meta)"
CRWV_DDTL5,CoreWeave,CRWV,DDTL 5.0 delayed draw term loan,floating,,450,,2026-05-15,2031-11-15,unknown,,Y,"SPV, CoreWeave guarantee",two non-investment-grade customers,Moody's Ba2 / Fitch BB+,N,Y,TODO: primary 8-K for spread and maturity
LAMBDA_TLB,Lambda,,senior secured term loan B,floating,,300,99.5,,,unknown,,Y,GPU asset-backed SPV,investment-grade offtaker (unnamed),Moody's Baa2,N,N,private company: no SEC filing gives the spread or pricing date; excluded
CRWV_2030,CoreWeave,CRWV,9.250% senior notes due 2030,fixed,9.250,,100,2025-05-21,2030-06-01,N,,N,corporate,n/a,"senior unsecured, subsidiary guarantees",N,Y,"CoreWeave unsecured, May 2025; also event-study control"
CRWV_2031_9,CoreWeave,CRWV,9.000% senior notes due 2031,fixed,9.000,,,,,N,,N,corporate,n/a,"senior unsecured, subsidiary guarantees",N,N,"control bond for event study (not in spread panel); TODO: pricing date, issue price, maturity date evidence (python3 find_evidence.py --deal CRWV_2031_9)"
