deal_id,field,value,token,source_url,source_type,evidence
APLD_2030,pricing_date,2025-11-13,"November 13, 2025",https://www.sec.gov/Archives/edgar/data/1144879/000149315225022506/form8-k.htm,SEC 8-K,"On November 13, 2025, Applied Digital Corporation (the “Company”) issued a press release announcing that APLD ComputeCo LLC, its subsidiary, priced its offering of $2.35 billion aggregate principal amount of 9.250% senior secured notes due 2030 (the “Offering”) at an issue price of 97%."
APLD_2030,coupon_pct,9.250,9.250%,https://www.sec.gov/Archives/edgar/data/1144879/000149315225022506/form8-k.htm,SEC 8-K,"On November 13, 2025, Applied Digital Corporation (the “Company”) issued a press release announcing that APLD ComputeCo LLC, its subsidiary, priced its offering of $2.35 billion aggregate principal amount of 9.250% senior secured notes due 2030 (the “Offering”) at an issue price of 97%."
APLD_2030,issue_price,97,97%,https://www.sec.gov/Archives/edgar/data/1144879/000149315225022506/form8-k.htm,SEC 8-K,"On November 13, 2025, Applied Digital Corporation (the “Company”) issued a press release announcing that APLD ComputeCo LLC, its subsidiary, priced its offering of $2.35 billion aggregate principal amount of 9.250% senior secured notes due 2030 (the “Offering”) at an issue price of 97%."
APLD_2030,maturity_date,2030-12-15,"December 15, 2030",https://www.sec.gov/Archives/edgar/data/1144879/000149315225024479/form8-k.htm,SEC 8-K,"The notes will mature on December 15, 2030, unless earlier redeemed or repurchased in accordance with their terms."
APLD_2030,first_amort_date,2027-12-15,"December 15, 2027",https://www.sec.gov/Archives/edgar/data/1144879/000149315225024479/form8-k.htm,SEC 8-K,"The principal amount of the notes will amortize on a semi-annual basis on June 15 and December 15 of each year, beginning on December 15, 2027, in amounts set forth in the Indenture."
APLD_2030,support,completion guarantee only,customary completion guarantee,https://www.sec.gov/Archives/edgar/data/1144879/000114487926000006/apld-20251130.htm,SEC 10-Q,"Other than a customary completion guarantee, the Company is not providing credit support for the Notes Offering."
APLD_2030,tenant,CoreWeave,"CoreWeave, Inc.",https://www.sec.gov/Archives/edgar/data/0001144879/000114487926000048/apld-20260531.htm,SEC 10-K,"On May 28, 2025, our subsidiaries APLD ELN-02 LLC and APLD ELN-03 LLC each entered into a data center lease (the ""ELN-02 Lease"" and the ""ELN-03 Lease"") with CoreWeave, Inc. (""CoreWeave"") to deliver an aggregate of 250 MW of capacity to host CoreWeave's HPC operations at Polaris Forge 1."
APLD_2030,tenant_link,notes guaranteed by the lessee subsidiaries,APLD ELN-02 LLC,https://www.sec.gov/Archives/edgar/data/1144879/000149315225022506/ex99-1.htm,SEC 8-K ex99.1,"which as of today include APLD ELN-02 HoldCo LLC, APLD ELN-03 HoldCo LLC, APLD ELN-02 LLC, APLD ELN-02 LandCo LLC, APLD ELN-03 LLC and APLD ELN-03 LandCo LLC"
CIFR_2030,pricing_date,2025-11-05,"November 5, 2025",https://www.sec.gov/Archives/edgar/data/1819989/000095010325014692/dp237330_8k.htm,SEC 8-K,"sold under a purchase agreement, dated as of November 5, 2025"
CIFR_2030,coupon_pct,7.125,7.125%,https://www.sec.gov/Archives/edgar/data/1819989/000095010325014692/dp237330_8k.htm,SEC 8-K,The notes are senior secured obligations of Cipher Compute and bear interest at a rate of 7.125% per year payable semiannually in arrears on May 15 and November 15 of each year
CIFR_2030,issue_price,100,100%,https://www.sec.gov/Archives/edgar/data/1819989/000095010325014692/dp237330_8k.htm,SEC 8-K,The notes were issued at a price equal to 100%
CIFR_2030,maturity_date,2030-11-15,"November 15, 2030",https://www.sec.gov/Archives/edgar/data/1819989/000095010325014692/dp237330_8k.htm,SEC 8-K,"The notes will mature on November 15, 2030"
CIFR_2030,support,Google LLC pledge of Cipher warrants,Google LLC,https://www.sec.gov/Archives/edgar/data/1819989/000095010325014401/dp237015_ex9901.htm,SEC 8-K ex99.1,a pledge by Google LLC of the warrants to purchase common stock of Cipher
CIFR_2030_TAP,coupon_pct,7.125,7.125%,https://www.sec.gov/Archives/edgar/data/1819989/000095010325015181/dp237816_8k.htm,SEC 8-K,"completed its previously announced private offering of $333,000,000 aggregate principal amount of additional 7.125% Senior Secured Notes due 2030"
WULF_2030,pricing_date,2025-10-16,"Oct. 16, 2025",https://www.globenewswire.com/news-release/2025/10/16/3168310/0/en/TeraWulf-Inc-Announces-Pricing-of-3-2-Billion-of-Senior-Secured-Notes.html,company press release,"Oct. 16, 2025 (GLOBE NEWSWIRE)"
WULF_2030,coupon_pct,7.750,7.750%,https://www.globenewswire.com/news-release/2025/10/16/3168310/0/en/TeraWulf-Inc-Announces-Pricing-of-3-2-Billion-of-Senior-Secured-Notes.html,company press release,has priced a $3.2 billion offering (the “Offering”) of 7.750% senior secured notes due 2030 (the “Notes”) at par.
WULF_2030,issue_price,100,par,https://www.globenewswire.com/news-release/2025/10/16/3168310/0/en/TeraWulf-Inc-Announces-Pricing-of-3-2-Billion-of-Senior-Secured-Notes.html,company press release,has priced a $3.2 billion offering (the “Offering”) of 7.750% senior secured notes due 2030 (the “Notes”) at par.
WULF_2030,support,Google LLC pledge of TeraWulf warrants,Google LLC,https://www.globenewswire.com/news-release/2025/10/16/3168310/0/en/TeraWulf-Inc-Announces-Pricing-of-3-2-Billion-of-Senior-Secured-Notes.html,company press release,a pledge by Google LLC of warrants to purchase common stock of TeraWulf
APLD_2031A,pricing_date,2026-03-04,"March 04, 2026",https://ir.applieddigital.com/news-events/press-releases/detail/146,company press release,"DALLAS, March 04, 2026 (GLOBE NEWSWIRE)"
APLD_2031A,coupon_pct,6.750,6.750%,https://www.sec.gov/Archives/edgar/data/1144879/000149315226009538/form8-k.htm,SEC 8-K,"The notes are senior secured obligations of the Issuer and bear interest at a rate of 6.750% per annum, payable semi-annually in arrears on March 15 and September 15 of each year, beginning on September 15, 2026."
APLD_2031A,issue_price,98,98.000%,https://www.sec.gov/Archives/edgar/data/1144879/000149315226009538/form8-k.htm,SEC 8-K,The notes were issued at a price equal to 98.000% of their principal amount.
APLD_2031A,tenant,investment-grade hyperscaler,investment-grade hyperscaler,https://www.sec.gov/Archives/edgar/data/0001144879/000114487926000048/apld-20260531.htm,SEC 10-K,"On October 22, 2025, we entered into an approximately 15-year lease with a U.S.-based investment-grade hyperscaler for 200 MW of critical IT load at the campus."
APLD_2031B,pricing_date,2026-06-09,"June 09, 2026",https://ir.applieddigital.com/news-events/press-releases/detail/156,company press release,"DALLAS, June 09, 2026 (GLOBE NEWSWIRE)"
APLD_2031B,coupon_pct,7.000,7.000%,https://ir.applieddigital.com/news-events/press-releases/detail/156,company press release,has priced a $1.59 billion offering (the “Offering”) of 7.000% senior secured notes due 2031 (the “Notes”) at par.
APLD_2031B,issue_price,100,par,https://ir.applieddigital.com/news-events/press-releases/detail/156,company press release,has priced a $1.59 billion offering (the “Offering”) of 7.000% senior secured notes due 2031 (the “Notes”) at par.
APLD_2031B,tenant,CoreWeave (Building 4 Lease),Building 4 Lease,https://www.sec.gov/Archives/edgar/data/0001144879/000114487926000048/apld-20260531.htm,SEC 10-K,"On August 28, 2025, our subsidiary APLD ELN-02 C LLC entered into a third lease (the “Building 4 Lease”) with CoreWeave for an additional 150 MW, bringing the total contracted capacity at Polaris Forge 1 under our CoreWeave leases to 400 MW."
CRWV_2031A,coupon_pct,9.750,9.750%,https://investors.coreweave.com/news/news-details/2026/CoreWeave-Announces-Upsize-and-Pricing-of-1750-Million-of-Senior-Notes/default.aspx,company press release,"priced a private offering of $1,750 million aggregate principal amount of 9.750% senior notes due 2031"
CRWV_2031A,maturity_date,2031-10-01,"October 1, 2031",https://investors.coreweave.com/news/news-details/2026/CoreWeave-Announces-Upsize-and-Pricing-of-1750-Million-of-Senior-Notes/default.aspx,company press release,"The Notes will have a maturity date of October 1, 2031."
CRWV_2031A,issue_price,100,par,https://investors.coreweave.com/news/news-details/2026/CoreWeave-Announces-Upsize-and-Pricing-of-1750-Million-of-Senior-Notes/default.aspx,company press release,The Notes will be issued at par and guaranteed on a senior unsecured basis by certain wholly-owned subsidiaries of CoreWeave.
CRWV_2031A_TAP,coupon_pct,9.750,9.750%,https://investors.coreweave.com/news/news-details/2026/CoreWeave-Announces-Pricing-of-1000-million-of-9-750-Senior-Notes-due-2031/default.aspx,company press release,"priced a private offering of $1,000 million aggregate principal amount of 9.750% senior notes due 2031"
CRWV_2031A_TAP,maturity_date,2031-10-01,"October 1, 2031",https://investors.coreweave.com/news/news-details/2026/CoreWeave-Announces-Pricing-of-1000-million-of-9-750-Senior-Notes-due-2031/default.aspx,company press release,"The Notes will have a maturity date of October 1, 2031."
CRWV_2031A_TAP,issue_price,102,102.000%,https://investors.coreweave.com/news/news-details/2026/CoreWeave-Announces-Pricing-of-1000-million-of-9-750-Senior-Notes-due-2031/default.aspx,company press release,The Notes will be issued at an issue price equal to 102.000% of the principal amount thereof
CRWV_2032_USD,coupon_pct,9.625,9.625%,https://investors.coreweave.com/news/news-details/2026/CoreWeave-Announces-Pricing-of-1-25-Billion-of-Senior-Notes-and-2-Billion-of-Senior-Notes/default.aspx,company press release,priced a private offering of $1.25 billion aggregate principal amount of 9.625% senior notes due 2032
CRWV_2032_USD,maturity_date,2032-07-15,"July 15, 2032",https://investors.coreweave.com/news/news-details/2026/CoreWeave-Announces-Pricing-of-1-25-Billion-of-Senior-Notes-and-2-Billion-of-Senior-Notes/default.aspx,company press release,"The Notes will have a maturity date of July 15, 2032."
CRWV_2032_USD,issue_price,100,par,https://investors.coreweave.com/news/news-details/2026/CoreWeave-Announces-Pricing-of-1-25-Billion-of-Senior-Notes-and-2-Billion-of-Senior-Notes/default.aspx,company press release,The Notes will be issued at par and guaranteed on a senior unsecured basis by certain wholly-owned subsidiaries of CoreWeave.
CRWV_DDTL4,support,Moody's A3 / DBRS A (low),A3,https://investors.coreweave.com/news/news-details/2026/CoreWeave-Closes-Landmark-8-5-Billion-Financing-Facility-Achieving-First-Investment-Grade-Rated-GPU-backed-Financing/default.aspx,company press release,The DDTL 4.0 Facility received ratings of A3 by Moody’s and A (low) by DBRS
CRWV_DDTL4,borrower_link,APLD CoreWeave leases assigned to CoreWeave Compute Acquisition Co. VIII,CoreWeave Compute Acquisition Co. VIII,https://www.sec.gov/Archives/edgar/data/0001144879/000114487926000048/apld-20260531.htm,SEC 10-K,"On March 30, 2026, as a result of an internal restructuring at CoreWeave, the ELN-02 Lease was amended and the ELN-03 Lease was assigned, in each case, to a wholly owned subsidiary of CoreWeave, CoreWeave Compute Acquisition Co. VIII, LLC"
WULF_2030,maturity_date,2030-10-15,"October 15, 2030",https://www.sec.gov/Archives/edgar/data/1083301/000110465925101866/tm2529300d1_ex4-1.htm,SEC 8-K (2025-10-23),"Somrock Title: Vice President [Signature Page to the Indenture] Exhibit A Form of Note [FACE OF NOTE] CUSIP/ISIN: __________ 7.750% Senior Secured Notes due 2030 No. __ $______________ WULF COMPUTE LLC promises to pay to ________________________________________________________ or registered assigns the principal sum of _______________________________________________________________________ dollars on October 15, 2030."
CRWV_2031A,pricing_date,2026-04-09,"April 9, 2026",https://www.sec.gov/Archives/edgar/data/1769628/000176962826000164/crwv-20260409.htm,SEC 8-K cover (2026-04-14): check that this 8-K announces the pricing,"nge Act of 1934 Date of Report (date of earliest event reported): April 9, 2026"
CRWV_DDTL5,sofr_spread_bp,450,4.50%,https://www.sec.gov/Archives/edgar/data/1769628/000176962826000236/ex9912.htm,SEC 8-K (2026-05-18),"Strong market interest enabled pricing to tighten by 50 basis points from initial discussions, resulting in final pricing at SOFR + 4.50%."
APLD_2031B,maturity_date,2031-06-15,"June 15, 2031",https://www.sec.gov/Archives/edgar/data/1144879/000114487926000048/apld-20260531.htm,SEC 10-K (2026-07-29),"The 2031 7.000% Notes will mature on June 15, 2031, unless earlier redeemed or repurchased in accordance with their terms."
CRWV_2031A_TAP,pricing_date,2026-04-16,"April 16, 2026",https://www.sec.gov/Archives/edgar/data/1769628/000176962826000183/crwv-20260416.htm,SEC 8-K (2026-04-21),"Later on April 16, 2026, CoreWeave issued a press release announcing the pricing of the offering of the Additional Notes."
CRWV_2030,maturity_date,2030-06-01,"June 1, 2030",https://www.sec.gov/Archives/edgar/data/1769628/000176962825000025/crwv-20250527.htm,SEC 8-K (2025-05-28),"The Notes will mature on June 1, 2030 and bear interest at a rate of 9.250% per annum, payable semi-annually in cash in arrears on June 1 and December 1 of each year, beginning on December 1, 2025."
CRWV_DDTL4,pricing_date,2026-03-30,"March 30, 2026",https://www.sec.gov/Archives/edgar/data/1769628/000176962826000129/crwv-20260330.htm,SEC 8-K cover (2026-03-31): check that this 8-K announces the pricing,"nge Act of 1934 Date of Report (date of earliest event reported): March 30, 2026"
CRWV_DDTL4,sofr_spread_bp,225,2.25%,https://www.sec.gov/Archives/edgar/data/1769628/000176962826000129/ex991.htm,SEC 8-K (2026-03-31),The facility includes a floating rate tranche financed at SOFR + 2.25% and a fixed rate tranche financed at approximately 5.9%.
CRWV_DDTL5,pricing_date,2026-05-15,"May 15, 2026",https://www.sec.gov/Archives/edgar/data/1769628/000176962826000236/crwv-20260515.htm,SEC 8-K cover (2026-05-18): check that this 8-K announces the pricing,"nge Act of 1934 Date of Report (date of earliest event reported): May 15, 2026"
CRWV_2030,pricing_date,2025-05-21,"May 21, 2025",https://www.sec.gov/Archives/edgar/data/1769628/000176962825000019/crwv-20250521.htm,SEC 8-K (2025-05-21),"On May 21, 2025, the Company issued a press release announcing the pricing of the Notes Offering."
CRWV_2030,coupon_pct,9.250,9.25%,https://www.sec.gov/Archives/edgar/data/1769628/000176962825000019/crwv-20250521.htm,SEC 8-K (2025-05-21),"(the ""Company"") announced that it priced a private offering (the ""Notes Offering"") of $2,000 million aggregate principal amount of 9.25% senior notes due 2030 (the ""Notes""), which represents a $500 million increase from the previously announced size of the Notes Offering."
CRWV_2030,issue_price,100,par,https://www.sec.gov/Archives/edgar/data/1769628/000176962825000019/crwv-20250521.htm,SEC 8-K (2025-05-21),"The Notes will be issued at par, will be general senior unsecured obligations of the Company and will be guaranteed on a senior unsecured basis by CoreWeave Cash Management LLC, a wholly-owned subsidiary of the Company."
APLD_2031A,maturity_date,2031-03-15,"March 15, 2031",https://www.sec.gov/Archives/edgar/data/1144879/000114487926000048/apld-20260531.htm,SEC 10-K (2026-07-29),"The 2031 6.750% Notes will mature on March 15, 2031, unless earlier redeemed or repurchased in accordance with their terms."
CRWV_2032_USD,pricing_date,2026-06-11,"June 11, 2026",https://investors.coreweave.com/news/news-details/2026/CoreWeave-Announces-Pricing-of-1-25-Billion-of-Senior-Notes-and-2-Billion-of-Senior-Notes/default.aspx,company press release,"Senior Notes June 11, 2026 LIVINGSTON, N.J.--(BUSINESS WIRE)-- CoreWeave, Inc."
APLD_2031B,support,completion guarantee only,customary completion guarantee,https://www.sec.gov/Archives/edgar/data/1144879/000149315226028899/form8-k.htm,SEC 8-K,The Company has provided a customary completion guarantee with respect to each Project
