date,ust_2y,ust_3y,ust_5y,ust_7y,source_url
2025-05-21,4.00,4.00,4.15,4.37,https://home.treasury.gov/resource-center/data-chart-center/interest-rates/daily-treasury-rates.csv/2025/all?type=daily_treasury_yield_curve&field_tdr_date_value=2025&page&_format=csv
2025-10-16,3.41,3.42,3.55,3.74,https://home.treasury.gov/resource-center/data-chart-center/interest-rates/daily-treasury-rates.csv/2025/all?type=daily_treasury_yield_curve&field_tdr_date_value=2025&page&_format=csv
2025-11-05,3.63,3.65,3.76,3.95,https://home.treasury.gov/resource-center/data-chart-center/interest-rates/daily-treasury-rates.csv/2025/all?type=daily_treasury_yield_curve&field_tdr_date_value=2025&page&_format=csv
2025-11-13,3.58,3.57,3.71,3.89,https://home.treasury.gov/resource-center/data-chart-center/interest-rates/daily-treasury-rates.csv/2025/all?type=daily_treasury_yield_curve&field_tdr_date_value=2025&page&_format=csv
2026-03-04,3.54,3.55,3.67,3.87,https://home.treasury.gov/resource-center/data-chart-center/interest-rates/daily-treasury-rates.csv/2026/all?type=daily_treasury_yield_curve&field_tdr_date_value=2026&page&_format=csv
2026-03-30,3.82,3.85,3.97,4.16,https://home.treasury.gov/resource-center/data-chart-center/interest-rates/daily-treasury-rates.csv/2026/all?type=daily_treasury_yield_curve&field_tdr_date_value=2026&page&_format=csv
2026-04-09,3.78,3.77,3.91,4.10,https://home.treasury.gov/resource-center/data-chart-center/interest-rates/daily-treasury-rates.csv/2026/all?type=daily_treasury_yield_curve&field_tdr_date_value=2026&page&_format=csv
2026-04-16,3.78,3.80,3.91,4.10,https://home.treasury.gov/resource-center/data-chart-center/interest-rates/daily-treasury-rates.csv/2026/all?type=daily_treasury_yield_curve&field_tdr_date_value=2026&page&_format=csv
2026-05-15,4.09,4.14,4.26,4.43,https://home.treasury.gov/resource-center/data-chart-center/interest-rates/daily-treasury-rates.csv/2026/all?type=daily_treasury_yield_curve&field_tdr_date_value=2026&page&_format=csv
2026-06-09,4.13,4.16,4.26,4.39,https://home.treasury.gov/resource-center/data-chart-center/interest-rates/daily-treasury-rates.csv/2026/all?type=daily_treasury_yield_curve&field_tdr_date_value=2026&page&_format=csv
2026-06-11,4.05,4.09,4.18,4.31,https://home.treasury.gov/resource-center/data-chart-center/interest-rates/daily-treasury-rates.csv/2026/all?type=daily_treasury_yield_curve&field_tdr_date_value=2026&page&_format=csv
